id_typ_pojazdu,id_marki,id_modelu,id_wymagana_kat_p_j,przebieg,rodz_paliwa,nr_rejestr
1,4,12,15,154651.387507,benzyna,WI36520
1,9,1,13,198010.80343,olej,WI52628
1,4,14,2,190761.949162,benzyna,WI36136
1,1,4,3,46469.1045508,benzyna,WI47040
1,5,8,16,288047.845314,ropa,WI57046
1,6,3,8,124662.268169,gaz,WI71567
1,4,18,4,182919.118498,benzyna,WI91148
1,10,1,2,185078.608997,olej,WI92584
1,7,19,14,131784.997629,olej,WI40046
1,4,18,9,108585.557191,gaz,WI23616
1,10,18,5,192986.693344,ropa,WI74800
1,7,8,9,272498.376263,benzyna,WI96916
1,6,3,1,291991.729114,ropa,WI45646
1,2,12,13,114745.416434,benzyna,WI60183
1,6,18,16,114884.231459,gaz,WI80567
1,4,4,12,288313.873585,ropa,WI47627
1,10,8,8,129796.391981,ropa,WI70391
1,8,6,15,129650.009666,gaz,WI68136
1,9,1,1,82210.1210862,benzyna,WI82870
1,5,2,7,97055.9515669,gaz,WI25623
1,3,5,14,149143.632189,olej,WI87847
1,8,7,5,159854.394442,benzyna,WI54634
1,6,14,2,89938.2337645,olej,WI39918
1,5,12,15,98891.9902134,olej,WI85029
1,2,17,14,106099.940608,olej,WI38020
1,3,4,1,252768.941777,ropa,WI60976
1,3,18,10,32018.2505302,gaz,WI55152
1,3,18,13,107093.15475,ropa,WI54406
1,8,16,10,264952.284692,ropa,WI38930
1,7,1,10,61447.9574875,ropa,WI73312
1,10,17,15,148748.373776,benzyna,WI16033
1,6,4,13,209600.514775,olej,WI93372
1,1,16,3,42087.5910913,olej,WI55034
1,10,10,6,164884.822802,ropa,WI49589
1,9,4,9,278608.78469,gaz,WI74133
1,8,18,1,70023.1723022,olej,WI16399
1,1,14,13,147959.510958,olej,WI26176
1,9,8,8,199674.431469,ropa,WI40024
1,1,13,14,228347.529568,gaz,WI85849
1,7,12,11,265651.302614,ropa,WI42836
1,3,10,2,130937.070724,gaz,WI28912
1,8,17,16,151051.330504,olej,WI25562
1,4,14,13,260434.411836,olej,WI48988
1,3,5,8,55557.2902851,benzyna,WI32501
1,6,2,9,90162.2401797,olej,WI78946
1,2,10,6,286852.114176,olej,WI32870
1,1,7,4,131712.195292,olej,WI93650
1,2,10,2,156837.392544,benzyna,WI90805
1,9,19,14,265918.648078,gaz,WI55379
1,3,10,2,139841.199313,olej,WI76695
1,4,5,7,227985.688994,ropa,WI67933
1,3,9,15,40438.0073729,gaz,WI62556
1,6,4,7,159907.076169,olej,WI18076
1,8,5,5,288105.866618,gaz,WI71921
1,10,15,16,82836.1638836,gaz,WI99992
1,3,12,13,32996.4175641,ropa,WI66683
1,1,19,12,245353.003926,ropa,WI72958
1,7,10,13,238400.383799,gaz,WI56445
1,1,13,16,23731.9951192,gaz,WI58197
1,7,1,2,147437.27008,gaz,WI79809
1,2,1,10,243541.373797,gaz,WI31192
1,7,18,15,137150.25155,ropa,WI13592
1,2,10,13,288687.382255,gaz,WI90322
1,1,3,1,9647.17215653,benzyna,WI13285
1,2,5,2,239426.71038,gaz,WI75268
1,7,10,16,131081.717362,olej,WI23289
1,2,5,3,66009.5634857,gaz,WI60775
1,10,16,1,244071.46307,ropa,WI62103
1,9,8,12,201488.77519,olej,WI96725
1,5,18,12,225409.16576,olej,WI40420
1,9,10,2,175216.36064,gaz,WI11724
1,9,7,14,14696.8393994,olej,WI68543
1,9,10,8,113059.086642,olej,WI65197
1,2,19,2,86911.6004701,gaz,WI72056
1,7,10,16,188617.207439,gaz,WI31245
1,9,9,7,289026.470615,gaz,WI79812
1,2,16,7,212821.571058,olej,WI19225
1,6,19,6,103577.359628,ropa,WI50236
1,2,3,1,101441.948095,benzyna,WI70702
1,3,14,4,110199.618688,gaz,WI34267
1,3,11,15,242131.784611,ropa,WI57188
1,1,4,8,89598.1458859,olej,WI19066
1,9,2,13,141310.501609,olej,WI65103
1,6,18,13,294395.386709,gaz,WI39199
1,5,16,12,66216.5423816,ropa,WI90896
1,2,9,13,219871.455649,gaz,WI22188
1,10,18,6,295295.482451,ropa,WI44307
1,6,6,11,195082.129587,olej,WI96795
1,3,10,14,45434.0694447,gaz,WI24458
1,5,2,7,204021.646431,ropa,WI74699
1,7,14,9,88717.9984744,benzyna,WI95099
1,6,6,7,133938.40709,benzyna,WI95190
1,5,19,5,120471.458077,gaz,WI64861
1,1,15,7,226235.051814,benzyna,WI92693
1,7,14,3,84178.3063336,ropa,WI60283
1,1,19,12,1382.79573548,ropa,WI14957
1,8,14,9,121824.415306,benzyna,WI49026
1,8,13,14,232855.977424,gaz,WI55735
1,9,9,13,246799.762355,benzyna,WI36025
1,1,12,4,187901.927508,gaz,WI32299
1,10,9,16,221202.085048,ropa,WI44216
1,4,15,14,54281.8241414,olej,WI74549
1,5,16,11,48559.5693121,ropa,WI68084
1,7,19,8,179871.686018,benzyna,WI17223
1,5,7,15,239529.244026,benzyna,WI25046
1,10,5,14,234415.428493,gaz,WI16197
1,3,3,6,181152.517658,gaz,WI26227
1,10,1,6,266476.085808,benzyna,WI83101
1,5,1,15,40411.1994252,gaz,WI26205
1,3,6,15,55171.9822573,gaz,WI26427
1,1,3,9,209694.184755,ropa,WI68342
1,7,15,16,136266.606688,gaz,WI34431
1,9,19,13,33894.3051936,benzyna,WI24769
1,4,3,7,269392.629431,benzyna,WI83919
1,5,3,3,68106.5490358,benzyna,WI31479
1,2,7,11,72042.8132627,gaz,WI25948
1,4,5,7,163204.871806,benzyna,WI59865
1,10,6,6,150238.116437,ropa,WI18340
1,1,1,3,201385.660368,olej,WI40598
1,4,16,10,122043.542889,olej,WI83934
1,2,6,6,25661.3942292,gaz,WI26254
1,1,19,5,184548.477018,gaz,WI77464
1,4,5,8,44479.9591249,olej,WI38631
1,7,12,1,291236.436368,benzyna,WI45932
1,2,3,4,230972.951553,ropa,WI44958
1,3,5,5,208514.011897,gaz,WI23333
1,3,16,7,47186.8328757,ropa,WI83694
1,10,5,13,68999.2158373,benzyna,WI40778
1,2,15,14,5301.16603244,benzyna,WI83981
1,3,5,3,197227.822585,benzyna,WI97917
1,1,5,1,152283.602637,olej,WI93992
1,1,16,8,106871.036262,ropa,WI76120
1,7,7,11,162710.408186,gaz,WI60473
1,8,1,8,66292.5458637,olej,WI69228
1,5,7,1,31943.820083,benzyna,WI89461
1,5,14,16,250220.821757,ropa,WI53888
1,10,2,16,222629.352545,olej,WI76072
1,5,18,14,260359.331511,ropa,WI38970
1,4,5,1,56435.4537916,ropa,WI51075
1,5,7,16,195200.356211,benzyna,WI48073
1,5,9,6,167571.060529,olej,WI95702
1,3,11,3,78812.8289846,benzyna,WI28421
1,2,17,12,72752.4989143,olej,WI53380
1,1,7,6,103470.985675,gaz,WI42210
1,2,7,3,35542.9730902,benzyna,WI55753
1,9,14,3,64359.6633057,benzyna,WI76340
1,9,12,9,260107.77962,benzyna,WI61619
1,1,12,7,297600.858366,ropa,WI31981
1,10,4,15,160284.412565,gaz,WI56481
1,9,16,5,231893.07822,olej,WI36064
1,6,8,5,152111.068131,ropa,WI19577
1,3,11,14,673.23348362,olej,WI74676
1,2,16,14,109788.742022,gaz,WI53237
1,5,9,11,111401.934355,olej,WI63220
1,8,14,14,259819.45154,ropa,WI49283
1,10,6,16,171060.311344,ropa,WI41761
1,2,16,7,227018.231719,olej,WI58405
1,5,17,1,81215.9900727,olej,WI76868
1,6,14,9,285237.309116,benzyna,WI75277
1,9,5,8,44243.0720936,gaz,WI31743
1,5,17,7,262988.290033,benzyna,WI17362
1,9,11,3,43286.5511088,olej,WI57777
1,9,6,8,136261.319739,benzyna,WI72607
1,5,11,4,232618.6086,gaz,WI92880
1,5,9,7,275380.469245,benzyna,WI14658
1,7,8,15,64924.6336489,gaz,WI59342
1,3,13,11,299699.322991,gaz,WI23019
1,3,5,1,163465.912496,benzyna,WI33744
1,10,2,15,139376.123241,ropa,WI43987
1,3,4,11,190683.998866,benzyna,WI33562
1,3,18,12,168241.029207,ropa,WI89288
1,8,1,1,189969.535165,benzyna,WI65964
1,1,17,1,64507.8929798,ropa,WI39467
1,9,13,12,104195.60417,gaz,WI97083
1,7,5,12,35826.2140911,olej,WI73702
1,2,2,9,146196.29629,olej,WI44251
1,4,10,6,211469.323375,gaz,WI20597
1,2,11,8,128265.734644,benzyna,WI28386
1,1,1,14,188473.759985,benzyna,WI41788
1,7,3,5,193755.71688,olej,WI81893
1,3,10,7,187352.500351,gaz,WI18006
1,1,16,8,293783.955419,olej,WI58637
1,4,17,12,55921.3667523,benzyna,WI95345
1,9,2,15,119242.197239,benzyna,WI60553
1,8,3,6,200241.918193,ropa,WI35337
1,10,7,10,66881.5390119,olej,WI10319
1,10,18,15,227781.534598,ropa,WI26338
1,9,12,11,39072.2434914,benzyna,WI50801
1,3,16,16,167684.49873,benzyna,WI59765
1,4,19,9,115256.308861,benzyna,WI96429
1,1,15,11,215009.192369,gaz,WI40038
1,5,10,15,266870.346614,gaz,WI65463
1,3,16,13,29554.8537475,olej,WI72955
1,1,13,1,216054.281987,benzyna,WI26411
1,6,8,1,206837.62392,benzyna,WI84641
1,2,19,11,246380.572978,gaz,WI74605
1,5,15,1,193037.049354,benzyna,WI81402
1,6,7,11,134497.756012,olej,WI16613
1,8,19,11,146263.770602,ropa,WI44531
1,5,14,14,14539.9551827,ropa,WI80378
1,2,1,12,298637.242494,ropa,WI21105
1,8,1,10,62374.0872816,gaz,WI78713
1,3,6,15,196810.176734,olej,WI15827
1,2,18,2,170117.651127,olej,WI37698
1,10,9,8,61508.2061424,ropa,WI32950
1,8,11,6,266826.042638,benzyna,WI38106
1,3,13,8,260519.765075,benzyna,WI14051
1,7,7,14,266172.165024,olej,WI81547
1,9,7,10,98433.9008825,gaz,WI77592
1,7,12,6,156499.699249,olej,WI37952
1,2,12,9,226978.209911,ropa,WI26717
1,6,14,5,293821.101215,gaz,WI94316
1,3,2,11,246976.448704,olej,WI45446
1,9,12,7,233555.759203,gaz,WI26370
1,2,9,2,283174.514885,olej,WI20680
1,9,3,15,15289.704075,benzyna,WI68458
1,6,4,12,80695.7686541,benzyna,WI39024
1,2,9,3,241988.701315,benzyna,WI15503
1,4,17,6,275234.622149,gaz,WI86263
1,2,1,14,103588.515941,gaz,WI73638
1,7,8,3,143310.151129,olej,WI98563
1,10,3,4,180853.713421,olej,WI30405
1,8,10,9,56150.1039169,gaz,WI66784
1,2,5,13,274302.267433,benzyna,WI71940
1,2,3,15,266884.266752,ropa,WI30194
1,8,3,2,145958.39252,olej,WI20754
1,5,8,2,163483.148576,gaz,WI80122
1,3,2,12,73224.043161,benzyna,WI48412
1,6,18,8,172340.157477,ropa,WI76521
1,10,16,7,29359.4891769,benzyna,WI52760
1,4,12,7,194043.721271,olej,WI96441
1,7,15,14,40755.6449053,ropa,WI44154
1,6,17,7,193694.179813,gaz,WI82447
1,3,4,13,82500.389939,olej,WI88826
1,10,2,13,21189.3034391,gaz,WI66678
1,2,3,9,120886.85862,gaz,WI25593
1,1,16,13,192761.854586,benzyna,WI26435
1,5,12,13,273002.337519,ropa,WI49686
1,3,10,3,54842.9483412,ropa,WI43866
1,2,6,4,90066.3609658,ropa,WI76117
1,2,14,3,128484.340581,gaz,WI92830
1,7,3,9,203348.964442,benzyna,WI32031
1,7,3,13,248944.638196,olej,WI72296
1,10,18,7,41770.2151258,gaz,WI80402
1,8,15,14,159342.118217,ropa,WI82770
1,7,7,11,80686.0820741,gaz,WI12257
1,8,19,12,18689.7883419,gaz,WI41167
1,1,4,13,107977.377621,benzyna,WI78136
1,1,3,2,30999.5226279,olej,WI67038
1,3,8,14,235760.405304,ropa,WI55088
1,2,18,10,31139.3374008,ropa,WI59751
1,6,2,3,22841.6277208,ropa,WI63251
1,10,5,15,101129.994689,olej,WI71794
1,6,7,12,151045.466937,olej,WI86576
1,10,7,3,113625.130442,gaz,WI43625
1,3,5,9,58448.9649832,gaz,WI76869
1,8,15,1,200033.610984,benzyna,WI79241
1,3,9,9,165234.054584,olej,WI14534
1,3,13,14,88071.3939335,ropa,WI10142
1,6,2,2,210457.929532,gaz,WI42339
1,5,7,1,108527.844245,ropa,WI23733
1,1,4,12,188731.65835,ropa,WI27123
1,7,13,6,239144.24852,benzyna,WI28773
1,3,11,8,263205.676521,ropa,WI95946
1,9,11,13,281364.43629,ropa,WI25319
1,1,12,2,211032.086948,gaz,WI62518
1,8,19,16,175829.947388,olej,WI69265
1,5,14,2,164678.248941,olej,WI80339
1,4,3,8,251801.617488,ropa,WI12405
1,5,14,7,239789.38115,ropa,WI19513
1,7,14,5,114876.373312,benzyna,WI18780
1,4,2,15,145453.853343,ropa,WI76978
1,6,7,4,120028.702362,benzyna,WI99390
1,2,16,3,105150.409442,ropa,WI32137
1,3,2,14,114997.493466,gaz,WI14076
1,5,19,14,198257.187605,gaz,WI18974
1,8,8,14,290932.069626,ropa,WI11065
1,9,12,9,28398.9976445,benzyna,WI69085
1,2,12,7,299559.542497,olej,WI23563
1,6,6,12,148375.846135,benzyna,WI99658
1,3,4,8,201594.988263,ropa,WI17215
1,8,7,2,115114.177676,benzyna,WI78547
1,10,15,10,80184.7933191,ropa,WI59320
1,2,17,11,240630.036085,benzyna,WI32693
1,8,9,13,149107.281268,benzyna,WI12022
1,10,10,10,107512.749196,gaz,WI99048
1,8,6,1,231886.028732,ropa,WI69049
1,7,12,2,79060.7878212,ropa,WI15458
1,2,8,6,184015.86004,benzyna,WI75655
1,8,16,12,203728.204436,benzyna,WI79162
1,9,12,2,45623.7963254,ropa,WI89674
1,5,15,4,74462.1235324,olej,WI77995
1,8,16,15,15184.1251159,benzyna,WI93643
1,4,10,15,54048.2280887,benzyna,WI43980
1,4,12,5,15590.1854869,benzyna,WI77695
1,2,2,12,42640.6339642,olej,WI72569
1,10,16,11,289750.909015,ropa,WI83844
1,7,17,5,103148.427203,ropa,WI30790
1,5,15,12,15780.6339898,ropa,WI71222
1,2,2,12,4816.76312437,benzyna,WI54637
1,3,13,6,130150.279208,benzyna,WI95453
1,3,7,16,271175.452424,ropa,WI31042
1,2,19,9,94348.2204843,ropa,WI93638
1,10,8,15,31850.6703101,benzyna,WI58502
1,1,6,4,244578.685483,olej,WI11312
1,6,6,10,71094.4777144,gaz,WI59231
1,5,7,1,3428.0705489,ropa,WI47961
1,2,17,5,256700.518952,gaz,WI14269
1,1,6,16,88603.5073065,olej,WI19628
1,8,16,15,1659.83611864,ropa,WI19342
1,9,6,15,224944.218473,benzyna,WI47326
1,2,15,13,110887.325423,ropa,WI16722
1,3,11,9,43077.8124775,olej,WI58609
1,3,3,1,87322.7188958,olej,WI49926
1,5,8,10,65052.9405341,gaz,WI29395
1,3,13,7,99588.1894331,olej,WI70995
1,3,18,8,238784.113263,gaz,WI89211
1,10,6,15,370.764620982,olej,WI46638
1,2,3,9,102225.377965,olej,WI89415
1,8,4,12,269309.427934,benzyna,WI66503
1,3,15,16,155860.6156,gaz,WI87668
1,9,8,12,32233.7055108,olej,WI52001
1,8,13,12,19714.0997199,ropa,WI69171
1,10,13,3,159187.046519,gaz,WI65601
1,4,3,13,81237.3479934,ropa,WI77997
1,8,5,1,266591.273109,benzyna,WI67378
1,9,18,1,119112.509735,ropa,WI38211
1,9,3,2,118826.331739,gaz,WI90141
1,8,10,8,17049.7031011,ropa,WI87897
1,1,4,2,83854.4505186,olej,WI35864
1,5,1,12,74131.6160503,gaz,WI81019
1,8,2,2,126342.541719,ropa,WI89186
1,3,1,5,172474.071341,olej,WI72393
1,2,3,1,74732.4305676,olej,WI40170
1,10,7,16,109211.064058,benzyna,WI92587
1,7,6,8,79302.3220677,olej,WI62030
1,10,8,6,211369.013411,ropa,WI83979
1,3,17,1,226465.56085,olej,WI86900
1,3,4,12,141460.500918,olej,WI66769
1,2,3,2,271446.80839,olej,WI20863
1,7,5,4,21963.0134483,gaz,WI96219
1,4,7,14,142499.283024,gaz,WI88400
1,5,11,7,69337.0261026,benzyna,WI57115
1,10,3,8,143974.791983,olej,WI78944
1,9,11,6,7964.37841339,gaz,WI16611
1,5,18,11,57855.3916616,gaz,WI72961
1,8,16,15,199987.397967,benzyna,WI10174
1,3,19,10,152150.387519,ropa,WI85485
1,2,7,3,188308.947916,benzyna,WI77423
1,2,5,2,144628.967514,olej,WI59040
1,9,13,13,288324.84739,gaz,WI22307
1,10,19,13,123299.069723,olej,WI56968
1,3,3,2,12354.0027635,benzyna,WI53353
1,9,6,12,142171.006109,ropa,WI31968
1,2,17,7,127689.111643,benzyna,WI73486
1,7,13,2,202575.052425,ropa,WI33218
1,5,3,8,18051.6026961,ropa,WI45437
1,4,9,12,201067.516912,ropa,WI97197
1,3,15,14,219050.55519,ropa,WI59374
1,5,3,13,298515.508552,benzyna,WI82053
1,5,7,7,291358.304864,olej,WI78234
1,1,11,5,18630.0982715,gaz,WI46121
1,9,3,7,107144.170428,ropa,WI45811
1,6,2,10,69892.0663729,olej,WI67015
1,5,2,13,214166.891001,gaz,WI25930
1,3,5,5,590.656169441,ropa,WI22597
1,9,2,14,272116.841103,ropa,WI83119
1,4,14,10,101732.143883,ropa,WI35704
1,7,17,15,246831.190314,benzyna,WI19446
1,7,18,12,179907.498444,olej,WI90685
1,7,18,10,243729.446249,ropa,WI57502
1,1,14,2,49159.5135718,benzyna,WI91548
1,9,3,12,127146.322887,gaz,WI59163
1,5,4,15,78197.2473762,gaz,WI48532
1,6,1,6,28908.3498271,olej,WI92650
1,2,3,13,272836.043344,ropa,WI37902
1,10,11,6,189961.109052,ropa,WI33943
1,10,12,4,33853.2257459,ropa,WI59107
1,10,6,1,42052.118682,benzyna,WI56901
1,1,17,10,266414.242504,olej,WI26496
1,6,15,3,141436.492255,gaz,WI14933
1,1,3,9,123602.740145,gaz,WI26561
1,9,16,2,161307.151474,olej,WI31142
1,4,11,3,268923.169244,gaz,WI85629
1,2,15,5,103997.777004,benzyna,WI41527
1,5,3,3,160929.575184,ropa,WI16757
1,2,11,6,231908.266685,benzyna,WI34968
1,9,18,10,112440.804387,olej,WI23740
1,4,9,12,97247.7640988,ropa,WI74320
1,1,11,9,76945.5686419,olej,WI94666
1,7,4,12,154564.334695,ropa,WI22579
1,1,4,14,198101.662205,olej,WI75067
1,10,3,7,135402.016147,gaz,WI85549
1,9,15,9,276279.154059,gaz,WI25406
1,3,2,5,104808.971751,olej,WI98426
1,4,14,1,108841.249852,ropa,WI84416
1,10,9,2,222314.825178,olej,WI31320
1,8,8,12,109186.383279,benzyna,WI32224
1,9,9,9,123719.132284,olej,WI65831
1,1,17,4,128010.503731,gaz,WI55710
1,2,18,9,261310.848191,benzyna,WI30338
1,7,9,15,108451.163425,olej,WI88598
1,7,15,2,216777.352347,gaz,WI47172
1,5,18,7,133121.448288,gaz,WI13308
1,1,7,13,247471.878377,benzyna,WI49390
1,2,8,13,40926.1015042,gaz,WI54935
1,8,7,12,31849.4983147,gaz,WI19359
1,7,2,16,81086.3083745,ropa,WI16571
1,4,7,10,274670.899915,gaz,WI86027
1,3,9,12,211392.364383,ropa,WI89472
1,2,7,4,58764.5735392,benzyna,WI40993
1,9,1,15,30720.2896453,benzyna,WI46971
1,10,8,9,85108.8621239,ropa,WI16961
1,9,17,12,53942.0209211,olej,WI78532
1,8,1,16,199403.1961,ropa,WI13696
1,3,11,13,233595.86873,benzyna,WI45845
1,10,3,8,213975.576649,benzyna,WI95544
1,2,5,5,140394.601441,olej,WI90207
1,9,13,14,73767.6503559,gaz,WI48611
1,3,4,14,4773.23978313,ropa,WI64574
1,7,3,13,68070.4561092,ropa,WI16489
1,6,3,14,277637.284177,olej,WI62886
1,6,15,2,40261.6091167,benzyna,WI87593
1,9,14,8,221326.305727,ropa,WI90697
1,7,6,14,268094.187265,benzyna,WI23821
1,2,1,15,35217.695338,gaz,WI29694
1,2,4,11,126718.906087,benzyna,WI30026
1,2,3,15,17838.7313137,olej,WI75386
1,4,1,3,83985.6800722,gaz,WI91994
1,4,10,16,114000.439866,benzyna,WI23909
1,7,1,16,64402.4766289,olej,WI95629
1,7,15,9,52512.3427702,benzyna,WI45850
1,5,16,16,274708.170107,gaz,WI32348
1,6,4,1,219526.108999,olej,WI16199
1,5,5,4,82781.6355007,olej,WI69765
1,3,14,10,42340.1114918,benzyna,WI34006
1,6,1,12,224821.669146,olej,WI15858
1,1,1,13,90293.0669844,olej,WI80067
1,10,10,7,145015.015153,gaz,WI94242
1,1,2,1,97568.8249338,olej,WI81984
1,10,18,6,242288.179399,gaz,WI40144
1,3,17,3,12162.6666515,benzyna,WI30433
1,2,14,15,234418.660679,ropa,WI87287
1,1,10,14,188992.997641,ropa,WI83838
1,5,17,9,176751.106464,gaz,WI17646
1,8,15,4,237170.564341,ropa,WI85170
1,2,2,11,185733.722581,gaz,WI60187
1,5,15,16,35628.2483501,olej,WI79752
1,1,2,1,217161.914739,gaz,WI73861
1,7,6,6,96183.9939484,benzyna,WI84278
1,9,6,5,168821.883583,benzyna,WI32521
1,1,4,8,47263.1843715,olej,WI95408
1,1,7,14,76467.451106,ropa,WI42432
1,3,2,13,79241.7670191,gaz,WI22642
1,1,8,1,285339.52956,gaz,WI91627
1,4,11,10,266868.470362,ropa,WI31913
1,10,3,10,987.810292407,benzyna,WI32123
1,5,7,10,134010.148658,ropa,WI64052
1,4,8,9,268829.112505,gaz,WI75426
1,5,8,11,142155.468595,ropa,WI84336
1,7,14,8,22218.7416126,benzyna,WI65116
1,5,2,1,12545.3631255,ropa,WI82981
1,2,19,4,118513.940902,ropa,WI96562
1,9,12,14,69828.4160053,gaz,WI59463
1,5,14,16,244006.002072,benzyna,WI69892
1,7,11,1,295448.255838,gaz,WI27615
1,7,1,11,245806.460028,benzyna,WI44080
1,6,2,5,187105.139795,olej,WI49754
1,9,11,10,245887.822444,gaz,WI35344
1,9,8,9,210000.610647,gaz,WI20835
1,8,3,15,130944.122626,ropa,WI92858
1,5,10,10,155400.133615,olej,WI26224
1,4,14,6,226046.167758,gaz,WI30636
1,5,5,9,52839.2664027,benzyna,WI11585
1,7,2,2,132698.803288,benzyna,WI42461
1,8,17,16,206280.608442,olej,WI82059
1,3,9,15,11161.1790849,benzyna,WI76944
1,4,16,11,67191.6538619,ropa,WI39274
1,9,17,12,256165.004078,olej,WI75151
1,6,7,13,276396.383425,ropa,WI26707
1,6,3,6,108957.50551,ropa,WI94759
1,5,2,6,228413.231907,olej,WI92654
1,10,5,5,164471.368223,benzyna,WI65694
1,2,1,9,130544.150164,olej,WI95647
1,1,1,5,264660.734953,olej,WI71989
1,1,19,15,287057.821964,ropa,WI20885
1,2,16,16,275836.236452,benzyna,WI84159
1,1,19,7,56438.0883528,benzyna,WI14567
1,8,11,6,156090.058363,olej,WI79439
1,3,3,1,64224.231509,olej,WI48768
1,3,19,8,78047.7572927,olej,WI26411
1,6,7,12,17261.8555184,ropa,WI52238
1,3,4,8,63470.4205327,gaz,WI40504
1,4,6,11,232619.492885,gaz,WI83624
1,8,1,11,196027.166761,olej,WI32657
1,10,2,9,162961.743418,gaz,WI62874
1,3,16,5,90629.2720861,olej,WI31349
1,10,5,11,159010.063974,olej,WI66405
1,6,18,13,238534.795266,benzyna,WI41917
1,3,6,2,8315.3690367,benzyna,WI25007
1,7,1,7,200992.239587,benzyna,WI63055
1,7,15,15,14857.7228149,gaz,WI96852
1,2,14,14,20843.1242143,gaz,WI29679
1,9,4,6,275598.447519,benzyna,WI30267
1,1,14,2,65706.9038482,olej,WI16413
1,9,4,10,81809.5900212,benzyna,WI43620
1,8,6,1,264226.996607,benzyna,WI39697
1,9,16,5,270439.349763,benzyna,WI26487
1,8,5,9,166012.618779,gaz,WI99918
1,1,18,2,14995.3263211,gaz,WI94978
1,10,15,5,145776.760791,benzyna,WI85740
1,3,15,14,56950.0565303,ropa,WI40492
1,9,17,1,57762.6515661,ropa,WI15895
1,5,6,8,263010.607547,ropa,WI40950
1,1,13,15,68984.3383701,olej,WI51080
1,7,8,7,45963.6877366,olej,WI95644
1,8,19,14,28265.3269606,gaz,WI45333
1,5,14,8,213543.824016,gaz,WI99813
1,2,15,14,197961.064398,gaz,WI82308
1,1,1,11,86803.278717,ropa,WI41229
1,6,11,9,260747.46207,gaz,WI54583
1,4,4,14,116526.699504,olej,WI78465
1,10,3,9,168349.994566,olej,WI60938
1,7,12,1,283010.112749,benzyna,WI46322
1,1,6,5,246799.76367,olej,WI27371
1,1,17,8,8609.19104869,ropa,WI79212
1,2,1,7,243677.121521,gaz,WI53697
1,3,12,9,285215.007971,gaz,WI84187
1,6,7,16,190523.63768,olej,WI98762
1,7,19,8,132932.315218,ropa,WI98643
1,7,10,12,279140.069948,benzyna,WI23374
1,2,5,4,102494.895077,olej,WI59575
1,5,8,8,272693.468287,ropa,WI48684
1,5,18,7,187822.76422,olej,WI43428
1,6,15,4,289195.612268,ropa,WI72561
1,5,13,12,27132.9894406,ropa,WI41532
1,8,11,10,14683.7701194,olej,WI97810
1,10,3,5,9362.04450035,gaz,WI72978
1,1,8,12,217700.508728,olej,WI51988
1,3,13,4,157389.519037,benzyna,WI80947
1,10,1,11,112116.323505,olej,WI59506
1,3,11,14,70209.4137786,ropa,WI46202
1,9,4,3,110731.26935,ropa,WI32969
1,1,8,1,124883.560702,gaz,WI23673
1,8,7,8,72879.2825415,ropa,WI21888
1,5,2,4,172150.619066,benzyna,WI58483
1,7,8,7,134173.526194,benzyna,WI31511
1,6,6,8,286122.518507,olej,WI98963
1,9,17,7,59925.5814194,olej,WI83502
1,3,13,1,134664.312764,benzyna,WI97865
1,8,2,12,265495.240827,benzyna,WI59099
1,6,10,8,192177.901597,gaz,WI59972
1,7,18,16,131278.811844,ropa,WI63249
1,9,9,9,127805.918848,olej,WI19634
1,7,11,13,30143.506171,ropa,WI20821
1,2,2,8,221326.805984,gaz,WI51115
1,10,10,16,106980.434408,ropa,WI65637
1,5,8,4,293325.121822,olej,WI39466
1,1,5,1,127514.830849,olej,WI61937
1,8,6,16,231353.169333,gaz,WI31375
1,1,2,14,63517.0809724,olej,WI90415
1,5,7,6,182161.24706,ropa,WI56408
1,8,15,11,153524.994171,olej,WI85080
1,1,13,13,137299.06041,benzyna,WI66995
1,1,3,16,247438.083867,ropa,WI75509
1,4,17,5,220371.937895,benzyna,WI52303
1,3,16,16,51591.9321953,ropa,WI87116
1,8,9,3,207620.743868,olej,WI77064
1,3,11,11,127739.985413,benzyna,WI34240
1,4,13,10,236078.713736,gaz,WI80277
1,9,13,5,111153.531368,ropa,WI92583
1,4,17,4,236697.555575,olej,WI93126
1,1,3,16,239876.26854,gaz,WI28833
1,5,4,5,153795.202784,ropa,WI11666
1,9,19,16,107029.275523,olej,WI38200
1,8,8,5,155298.880564,olej,WI25225
1,9,15,14,296884.174829,ropa,WI73453
1,3,9,12,145712.624021,benzyna,WI42830
1,3,10,9,249715.387772,ropa,WI94835
1,2,4,2,173468.82089,gaz,WI84714
1,9,8,10,98945.8781131,ropa,WI47252
1,9,5,6,30575.9762156,olej,WI94126
1,10,5,1,89736.1510219,olej,WI70715
1,7,8,14,186278.096175,ropa,WI31890
1,7,5,12,293194.679217,gaz,WI79196
1,8,18,3,37549.5120225,olej,WI36232
1,7,5,9,93761.6047863,benzyna,WI28994
1,4,6,14,258127.333052,olej,WI86450
1,9,12,8,195225.180493,gaz,WI66641
1,4,3,16,233596.586417,ropa,WI35507
1,7,12,9,260503.775616,ropa,WI33591
1,5,3,11,52238.0450992,olej,WI11978
1,3,14,13,143399.119848,benzyna,WI67463
1,9,12,10,58278.1401897,benzyna,WI97491
1,4,19,10,242069.605416,benzyna,WI79583
1,10,5,11,35705.3682429,gaz,WI97946
1,4,4,15,138383.176931,benzyna,WI33920
1,3,4,3,131466.970154,benzyna,WI44262
1,6,13,13,253489.984523,gaz,WI19546
1,8,17,4,220210.389034,ropa,WI79674
1,3,18,14,111774.103687,olej,WI37808
1,5,8,11,251214.86098,benzyna,WI88105
1,3,10,5,127335.08074,benzyna,WI44317
1,7,6,3,119802.003815,benzyna,WI35651
1,2,18,9,295266.990184,benzyna,WI25260
1,1,12,10,172608.142647,ropa,WI94787
1,7,15,16,28558.543728,benzyna,WI95549
1,4,19,15,264886.516846,ropa,WI23457
1,8,1,5,34084.26155,ropa,WI53033
1,3,2,10,25644.6511423,olej,WI89151
1,2,2,10,179349.744034,olej,WI81338
1,7,13,1,53942.073534,gaz,WI73329
1,1,15,13,223757.699855,benzyna,WI36286
1,3,12,11,267150.945132,olej,WI43562
1,4,17,12,59510.5512812,benzyna,WI62346
1,4,7,15,70116.3086527,olej,WI82403
1,9,1,10,222887.485592,gaz,WI29753
1,7,19,10,84264.8181186,gaz,WI21836
1,4,8,2,285981.835948,olej,WI44141
1,7,19,5,33013.8029315,ropa,WI54969
1,3,6,7,184138.211952,benzyna,WI35825
1,2,17,7,181566.920481,olej,WI88544
1,5,5,5,212746.166496,olej,WI65584
1,3,15,1,243210.085028,benzyna,WI44106
1,8,1,11,47911.199655,gaz,WI77525
1,6,3,7,30754.6385564,ropa,WI72987
1,10,18,16,119992.3355,benzyna,WI46312
1,9,13,3,171016.947595,ropa,WI26502
1,6,17,16,221895.287647,benzyna,WI77938
1,3,17,13,24665.1445963,ropa,WI84898
1,4,14,11,155613.920677,ropa,WI51805
1,5,3,10,177300.420825,olej,WI56905
1,7,17,13,210566.220449,benzyna,WI36611
1,8,12,5,195830.273718,ropa,WI23964
1,2,14,4,234211.306554,olej,WI70549
1,9,8,7,246897.337713,ropa,WI91253
1,1,12,16,79441.7223073,ropa,WI30258
1,10,11,16,157884.754113,gaz,WI36496
1,5,2,3,254403.964751,benzyna,WI52933
1,7,2,15,160558.261908,ropa,WI14739
1,3,3,8,23056.1628647,benzyna,WI98284
1,4,16,16,267422.76824,benzyna,WI45270
1,2,3,14,299018.675354,olej,WI51079
1,5,15,14,81708.9632469,benzyna,WI58729
1,7,12,2,95481.9395438,benzyna,WI89567
1,6,9,2,271713.070522,olej,WI40642
1,1,6,12,172398.236109,olej,WI69113
1,6,13,3,172024.855562,ropa,WI45674
1,8,16,2,73826.8713764,benzyna,WI41398
1,9,10,4,32822.8568058,olej,WI70342
1,10,10,4,265790.273151,gaz,WI62852
1,9,18,11,16563.6089776,olej,WI73140
1,3,19,16,99792.7769322,olej,WI63044
1,7,17,15,27184.9984644,olej,WI89661
1,4,2,10,156716.229223,ropa,WI53588
1,8,16,7,2007.74825413,olej,WI67094
1,7,13,12,227537.353708,benzyna,WI91170
1,8,2,3,6357.74734274,gaz,WI45778
1,1,10,5,44937.4938186,benzyna,WI24447
1,3,8,8,18236.0462488,olej,WI35516
1,1,10,9,282964.339317,ropa,WI51649
1,4,12,9,281489.854106,olej,WI56876
1,6,3,1,212045.347923,gaz,WI98164
1,2,11,4,280116.314964,benzyna,WI29923
1,2,8,13,14842.3236038,olej,WI66579
1,7,11,4,189660.604689,benzyna,WI84897
1,1,12,13,176051.3322,benzyna,WI95760
1,2,10,10,247306.297961,ropa,WI89108
1,5,14,15,84903.1882184,olej,WI46584
1,8,1,14,24758.6722018,gaz,WI64348
1,9,11,12,165823.740148,ropa,WI27502
1,1,4,10,21095.3515949,gaz,WI77758
1,10,2,2,185195.024748,benzyna,WI30562
1,6,9,14,139335.657599,ropa,WI67823
1,2,7,4,151481.007417,gaz,WI80395
1,6,10,6,73490.7638136,olej,WI31604
1,3,3,3,15242.4579873,gaz,WI10699
1,4,17,11,114096.691059,gaz,WI18573
1,10,5,3,247270.028114,benzyna,WI71884
1,5,11,3,198882.82455,benzyna,WI30166
1,7,9,7,71763.03674,olej,WI63010
1,10,7,16,221535.577271,ropa,WI98429
1,10,4,11,175578.082682,benzyna,WI34508
1,5,10,1,239250.509074,ropa,WI76660
1,8,13,3,138800.773954,ropa,WI49989
1,3,8,7,242208.579683,gaz,WI14570
1,4,14,7,91544.2380642,ropa,WI26568
1,3,17,8,281301.570049,gaz,WI47262
1,3,14,13,58238.5019278,gaz,WI84432
1,2,16,9,192652.115118,ropa,WI72022
1,5,1,1,233969.038858,benzyna,WI22169
1,4,1,14,89768.9246719,gaz,WI46755
1,1,15,10,89551.6241985,ropa,WI51039
1,9,10,14,266262.095901,benzyna,WI63900
1,7,3,15,239133.135567,olej,WI55538
1,7,2,9,147966.520121,benzyna,WI28163
1,10,6,12,207182.213267,ropa,WI72067
1,7,13,5,66380.546784,olej,WI59782
1,7,13,12,221945.221605,ropa,WI29158
1,7,13,5,78351.6461868,ropa,WI58398
1,10,13,3,157787.283916,benzyna,WI33698
1,3,6,3,79048.4651294,ropa,WI86612
1,3,12,2,67394.095061,benzyna,WI47891
1,2,2,3,31103.5846116,ropa,WI72700
1,7,2,3,123336.672961,ropa,WI98423
1,3,19,9,272356.298901,gaz,WI56950
1,8,9,3,171844.876089,gaz,WI41003
1,8,19,6,281679.855112,gaz,WI63290
1,3,13,5,69068.3720448,benzyna,WI76898
1,6,14,4,189481.7365,olej,WI65424
1,6,18,14,144292.217393,benzyna,WI91260
1,2,15,5,1479.70465072,gaz,WI50331
1,9,14,5,133040.168141,gaz,WI53575
1,5,9,7,13597.9530076,gaz,WI25430
1,8,18,4,247748.266463,benzyna,WI11921
1,1,8,10,147943.828824,gaz,WI11473
1,5,11,16,263584.750594,ropa,WI67664
1,8,7,2,239996.799374,olej,WI25840
1,1,1,14,191448.801368,benzyna,WI81566
1,10,3,13,110650.123323,benzyna,WI15651
1,3,16,2,262021.385843,ropa,WI93355
1,6,14,5,195309.740387,olej,WI37130
1,6,8,5,276268.343938,olej,WI22882
1,8,4,13,126342.999134,ropa,WI34783
1,8,18,11,57393.0174134,benzyna,WI97364
1,5,16,6,162352.796378,olej,WI30983
1,1,11,2,297347.144559,olej,WI32207
1,6,3,11,272996.655221,benzyna,WI25233
1,8,17,10,168544.340923,olej,WI42611
1,3,6,10,238127.054148,gaz,WI15002
1,9,8,4,6593.76004878,olej,WI10444
1,2,9,3,290840.422183,olej,WI21496
1,10,1,10,64328.2446674,ropa,WI88705
1,4,11,15,246408.580913,gaz,WI31191
1,8,19,4,124874.85789,ropa,WI89706
1,1,3,10,297425.012202,gaz,WI66010
1,5,12,12,158542.236429,ropa,WI14916
1,6,7,7,258801.552707,olej,WI67054
1,5,16,3,282393.594923,benzyna,WI46711
1,8,11,7,34568.7454446,benzyna,WI93915
1,2,19,15,105306.710379,gaz,WI24591
1,1,16,10,204477.319982,ropa,WI68722
1,8,7,14,3821.96624205,olej,WI62088
1,2,14,3,261048.55783,gaz,WI71222
1,9,6,12,260889.47114,ropa,WI23031
1,4,1,7,233857.0668,ropa,WI70641
1,2,10,4,267838.98734,gaz,WI33536
1,1,10,14,21461.3560307,ropa,WI33254
1,10,5,16,109721.122879,gaz,WI61233
1,5,18,6,177782.345341,ropa,WI68844
2,6,19,9,129253.40834,olej,WI23785
2,10,4,2,57395.110387,olej,WI88274
2,3,17,10,233623.649471,gaz,WI35920
2,5,4,1,145074.531826,ropa,WI23346
2,7,1,11,64258.12794,olej,WI33298
2,7,12,6,154771.771066,benzyna,WI49272
2,3,11,3,52055.5945048,ropa,WI88264
2,5,1,12,57359.0178658,benzyna,WI48222
2,2,6,7,246904.34167,benzyna,WI11130
2,2,18,15,268817.292687,ropa,WI54363
2,4,15,2,122249.404516,benzyna,WI79172
2,7,16,4,273915.638956,olej,WI21514
2,5,17,15,32317.0594231,ropa,WI30211
2,3,9,16,98882.0807596,ropa,WI21365
2,4,6,12,207225.871108,gaz,WI67854
2,6,7,4,272167.917851,gaz,WI32018
2,8,1,6,149985.175498,ropa,WI48085
2,1,10,3,21644.6641008,gaz,WI26432
2,6,2,10,264203.819877,olej,WI57608
2,3,17,2,291768.749891,gaz,WI67253
2,8,19,15,265694.597861,ropa,WI76945
2,9,19,4,50379.1366477,olej,WI93672
2,7,12,7,254430.405861,olej,WI79001
2,8,1,3,176857.118309,benzyna,WI98558
2,6,5,3,26299.7117351,benzyna,WI84732
2,4,16,10,127501.390997,benzyna,WI55861
2,10,6,2,98912.9731268,gaz,WI93181
2,2,4,6,30017.4722194,benzyna,WI45078
2,1,9,8,98331.863151,benzyna,WI71086
2,6,19,15,141047.121139,gaz,WI64363
2,2,4,14,9656.80653641,olej,WI66701
2,2,10,7,90782.2861056,gaz,WI86625
2,7,2,10,36967.3358739,benzyna,WI91709
2,6,14,1,24428.7122004,olej,WI57156
2,1,10,1,51154.7202123,gaz,WI59571
2,9,17,15,237034.57353,olej,WI40980
2,8,14,16,68600.8577573,gaz,WI29281
2,2,15,14,273812.297708,gaz,WI83463
2,9,7,14,235201.213216,gaz,WI18088
2,7,5,6,54988.4860772,gaz,WI25465
2,8,15,11,165755.329769,ropa,WI54111
2,8,8,9,264201.522314,olej,WI75976
2,3,5,2,266361.138525,ropa,WI93219
2,3,17,13,97134.231073,olej,WI29233
2,5,16,2,151.466383831,olej,WI13711
2,10,1,4,14162.3632957,benzyna,WI10041
2,8,1,14,14954.7412193,olej,WI21044
2,8,4,11,281368.415179,ropa,WI76407
2,9,9,6,188093.298783,benzyna,WI33579
2,1,14,3,17214.391118,benzyna,WI57345
3,2,9,15,179222.762254,olej,WI72251
3,4,6,3,91487.8957949,ropa,WI78719
3,2,1,11,281338.930197,ropa,WI57687
3,10,14,14,127046.598738,olej,WI34381
3,2,19,1,224206.194822,ropa,WI32697
3,2,3,1,224978.228463,benzyna,WI15109
3,3,16,13,131941.134408,benzyna,WI57912
3,5,2,15,239349.032673,olej,WI36743
3,8,5,7,215700.531883,benzyna,WI68094
3,4,11,14,196282.472587,olej,WI59371
3,4,3,15,829.409814742,ropa,WI31636
3,8,17,16,133222.343431,gaz,WI70035
3,8,14,9,118627.99729,benzyna,WI33472
3,10,9,16,96892.624748,ropa,WI88095
3,10,11,13,47176.7067909,benzyna,WI61225
3,4,18,9,66233.8949503,benzyna,WI14293
3,5,7,4,174644.977593,olej,WI10955
3,9,16,13,56262.4073209,gaz,WI67053
3,2,13,16,263342.780357,benzyna,WI70053
3,8,12,15,158638.951249,benzyna,WI30003
3,8,4,4,253745.055153,benzyna,WI70890
3,4,1,11,223080.862414,benzyna,WI11976
3,4,3,4,31487.6496439,gaz,WI82877
3,1,1,13,273582.637983,benzyna,WI33713
3,9,18,12,142444.093406,benzyna,WI20331
3,5,4,15,267105.166641,ropa,WI84715
3,7,10,9,277229.973137,gaz,WI40738
3,2,15,9,291053.529969,olej,WI24921
3,2,9,1,55349.2617732,benzyna,WI17650
3,6,15,10,177667.338661,olej,WI84773
3,6,5,16,76100.2775445,olej,WI22449
3,10,3,6,258542.788805,benzyna,WI73591
3,9,3,10,57551.4973488,benzyna,WI97071
3,7,6,2,79232.2308824,olej,WI46231
3,7,11,2,189859.993361,gaz,WI45892
3,5,1,14,79652.6816273,olej,WI93345
3,1,9,5,169768.114576,gaz,WI23603
3,8,14,12,85353.3620309,olej,WI87927
3,6,6,13,127850.219575,olej,WI49064
3,1,11,11,91064.5348424,ropa,WI58725
3,4,2,12,51808.981669,gaz,WI53830
3,10,17,9,80706.0072378,ropa,WI43449
3,4,15,13,82286.3832918,benzyna,WI46508
3,1,9,3,288365.745974,benzyna,WI99552
3,9,19,2,198193.858668,benzyna,WI53225
3,5,13,16,146033.352916,ropa,WI77962
3,7,14,2,35538.2173482,gaz,WI59587
3,5,7,5,214004.488229,benzyna,WI75615
3,2,14,1,154473.755768,olej,WI49178
3,5,3,3,206348.986551,benzyna,WI66811
3,10,10,6,123522.680819,benzyna,WI30621
3,6,11,3,16063.3227145,gaz,WI33576
3,8,2,8,113160.46872,benzyna,WI21682
3,3,15,5,276092.800073,ropa,WI60025
3,3,1,16,150848.190161,ropa,WI93862
3,6,4,14,213116.47038,olej,WI68772
3,8,6,15,180818.821543,benzyna,WI56541
3,6,13,7,73870.5096675,gaz,WI44578
3,10,16,16,97541.9234801,olej,WI29802
3,6,9,6,270820.714676,olej,WI18528
3,4,13,14,123491.98921,olej,WI34710
3,3,14,11,52011.619617,gaz,WI27910
3,2,4,10,21640.1804607,ropa,WI19147
3,5,7,15,246442.449188,gaz,WI76441
3,3,9,7,33653.1627903,gaz,WI97204
3,2,11,15,81057.7621727,ropa,WI18062
3,8,17,4,18833.4037301,olej,WI73522
3,10,10,1,189056.091961,benzyna,WI69865
3,7,7,12,146498.186883,benzyna,WI91475
3,5,4,5,136009.565318,olej,WI62282
3,4,16,7,107607.006293,gaz,WI67905
3,10,2,12,35307.3149434,olej,WI17379
3,7,10,6,148689.52058,olej,WI41332
3,8,3,5,261151.044604,olej,WI31443
3,7,12,14,152282.084161,olej,WI50370
3,4,19,6,99911.3068844,gaz,WI79198
3,2,16,5,210020.77548,ropa,WI89827
3,7,1,15,16582.5298213,gaz,WI81703
3,5,2,11,15961.9980911,benzyna,WI36814
3,2,15,3,47951.567582,ropa,WI60837
3,5,1,14,198680.084285,olej,WI58207
3,4,5,16,121711.189891,gaz,WI27476
3,1,4,16,81543.7194963,benzyna,WI43869
3,5,16,7,97380.6698497,benzyna,WI16217
3,8,7,1,277351.470853,benzyna,WI51899
3,1,4,8,150244.619199,benzyna,WI92623
3,9,13,10,193878.295162,gaz,WI26100
3,1,1,3,230775.03633,benzyna,WI99524
3,3,3,5,85868.8100483,benzyna,WI84478
3,2,5,10,237352.617612,benzyna,WI15324
3,4,16,11,114925.134751,olej,WI62155
3,8,12,2,280151.228934,gaz,WI92333
3,7,14,9,23731.0370064,benzyna,WI76475
3,9,11,14,87021.4829811,gaz,WI52302
3,4,9,11,227371.646377,ropa,WI50228
3,10,7,12,118132.044038,ropa,WI12617
3,6,6,7,16310.0064816,gaz,WI59782
3,6,4,10,220120.415045,benzyna,WI28782
3,7,8,6,4706.01950194,olej,WI99255
3,2,6,1,295397.182002,ropa,WI93881
3,1,9,13,254254.490063,ropa,WI84832
3,5,5,16,276795.521824,benzyna,WI13427
3,7,14,3,8795.09063297,ropa,WI95600
3,9,17,16,55119.1575407,gaz,WI21888
3,10,8,7,239199.706994,gaz,WI76985
3,10,4,9,20305.3980521,gaz,WI80761
3,3,2,2,26440.2548546,olej,WI99101
3,7,9,16,272888.8494,ropa,WI43175
3,1,18,11,284338.562925,olej,WI24291
3,4,17,6,186450.523701,gaz,WI70854
3,5,11,14,122852.08839,olej,WI98079
3,1,5,4,290783.828002,ropa,WI59928
3,1,3,8,236964.705001,gaz,WI93856
3,6,9,11,123778.993859,ropa,WI83628
3,9,3,10,144636.537997,benzyna,WI31965
3,5,14,3,104064.643975,benzyna,WI12140
3,7,7,4,55892.5088678,olej,WI88646
3,10,6,6,250779.376132,gaz,WI44720
3,1,13,2,34418.0101112,ropa,WI26355
3,1,5,13,66811.3495836,gaz,WI30183
3,8,8,14,212260.03982,olej,WI65576
3,6,14,5,26650.4055383,olej,WI55404
3,7,8,14,170869.11843,ropa,WI64775
3,5,11,15,233570.193984,gaz,WI56050
3,10,13,10,156107.638559,gaz,WI23427
3,3,14,15,120970.056814,ropa,WI41542
3,3,1,13,281213.214885,gaz,WI72432
3,1,11,6,243947.353368,gaz,WI40573
3,3,5,9,184284.244756,olej,WI45731
3,9,13,13,25356.9359087,gaz,WI56812
3,1,16,10,48859.1672563,ropa,WI87399
3,4,12,12,232192.648379,gaz,WI48138
3,8,3,11,88900.920651,benzyna,WI37948
3,4,5,12,295949.692187,benzyna,WI72318
3,10,11,13,34576.1699887,ropa,WI80480
3,9,14,11,20644.4754241,benzyna,WI98742
3,8,15,10,178857.596332,ropa,WI64497
3,1,18,6,199595.066301,ropa,WI50522
3,9,18,10,215788.164405,gaz,WI42534
3,6,17,4,265580.976435,gaz,WI92436
3,1,4,5,13255.4049391,benzyna,WI36341
3,1,1,6,238881.285137,olej,WI56098
3,1,10,4,181185.859411,olej,WI48623
3,4,7,5,183196.238364,gaz,WI18921
3,2,7,5,16394.9828202,olej,WI48655
3,9,12,12,176203.100327,gaz,WI33930
3,8,12,12,106230.975618,ropa,WI37367
3,4,12,10,74338.5011225,olej,WI11561
3,5,19,13,36573.1083167,olej,WI94725
3,4,3,3,192524.687555,benzyna,WI16201
3,9,8,4,296243.054247,ropa,WI57977
3,9,19,16,140486.904766,olej,WI26958
3,6,10,12,293708.104431,gaz,WI15743
3,3,8,10,166432.708609,benzyna,WI91593
3,4,2,11,269326.92286,gaz,WI26597
3,10,17,9,148882.143198,ropa,WI46293
3,6,6,15,203664.048912,gaz,WI30922
3,5,10,15,183418.665191,gaz,WI92025
3,5,11,15,218882.256084,olej,WI10100
3,3,19,11,17200.6693369,gaz,WI91171
3,4,8,4,77722.4490987,gaz,WI87470
3,7,7,7,196650.644341,gaz,WI79382
3,4,14,7,264321.325336,ropa,WI73109
3,3,1,14,5876.87929316,benzyna,WI79437
3,4,3,16,221769.534752,ropa,WI52588
3,8,15,8,58222.9512154,benzyna,WI62833
3,9,8,15,4798.22725972,gaz,WI20958
3,4,10,3,271908.636986,benzyna,WI66341
3,3,4,15,289019.25936,gaz,WI81848
3,1,6,4,116027.076166,olej,WI75016
3,10,12,2,167151.64924,gaz,WI41260
3,4,14,3,30494.1127742,ropa,WI46633
3,2,10,16,261312.371925,benzyna,WI44086
3,7,10,10,180575.610086,olej,WI27985
3,2,16,1,175539.681536,benzyna,WI85840
3,9,1,5,107658.106552,olej,WI12233
3,10,17,1,237720.815354,benzyna,WI90920
3,10,12,14,240597.844587,ropa,WI16395
3,9,4,14,259188.008779,benzyna,WI84161
3,1,19,14,137280.221028,gaz,WI98618
3,5,10,13,266967.076946,benzyna,WI93693
3,1,10,5,178923.031103,benzyna,WI94326
3,7,18,12,227148.71743,olej,WI53582
3,4,10,1,245162.093698,benzyna,WI29686
3,1,3,10,86462.2185636,ropa,WI28846
3,7,1,14,267664.215734,ropa,WI13779
3,1,18,15,284456.848256,benzyna,WI83334
3,3,1,12,262704.438959,ropa,WI91247
3,2,13,5,107540.015289,olej,WI70031
3,7,5,2,215586.408522,ropa,WI12649
3,4,19,1,241484.784845,benzyna,WI23866
3,10,18,8,295440.722469,benzyna,WI58297
3,5,2,10,181317.365175,ropa,WI48406
3,3,6,14,62511.4921117,benzyna,WI97176
3,9,4,10,31302.0088314,ropa,WI85109
3,1,12,12,42213.8036667,gaz,WI25426
3,2,12,11,287616.071882,benzyna,WI89812
3,1,4,7,114637.971987,ropa,WI43502
3,2,16,14,161023.320483,ropa,WI77766
3,5,1,12,70917.535764,gaz,WI24234
3,6,12,7,229191.669039,benzyna,WI88066
3,5,16,1,13916.8894418,gaz,WI26451
3,1,9,10,75204.4512275,olej,WI17999
3,2,6,8,200578.453036,olej,WI60007
3,3,11,14,33781.0816544,benzyna,WI40434
3,9,18,4,231882.219348,benzyna,WI78669
3,3,16,10,54736.5604806,olej,WI63473
3,5,6,3,82289.7658626,benzyna,WI18681
3,10,8,4,99667.1616038,benzyna,WI64154
3,8,12,1,156786.743533,benzyna,WI69218
3,3,8,8,297093.945186,gaz,WI48702
3,4,2,14,116987.369559,gaz,WI27692
3,5,8,4,152497.179909,gaz,WI89082
3,2,12,16,169935.795684,olej,WI56415
3,5,14,1,42442.3547691,benzyna,WI88715
3,2,19,1,55681.2168568,benzyna,WI51563
3,4,9,11,117810.364013,benzyna,WI37463
3,7,6,12,171441.450541,ropa,WI10473
3,7,9,6,140602.276951,olej,WI13310
3,2,8,9,215294.3896,gaz,WI82459
3,7,9,12,126643.875994,benzyna,WI73552
3,2,7,8,193460.498596,ropa,WI85701
3,4,15,6,212100.075663,gaz,WI80190
3,5,8,16,245046.460078,ropa,WI74669
3,8,17,7,126258.345261,ropa,WI24155
3,4,14,7,275941.845916,benzyna,WI28078
3,9,8,7,208499.704569,ropa,WI66414
3,8,8,9,98700.5668814,gaz,WI13932
3,7,12,3,209091.128166,olej,WI11918
3,4,3,2,83144.7303512,ropa,WI95989
3,4,12,12,258012.602165,benzyna,WI74926
3,4,13,4,129690.4877,gaz,WI58502
3,7,13,4,69743.6490679,olej,WI61585
3,6,7,1,292773.259195,olej,WI27619
3,3,18,4,90771.6767745,olej,WI56367
3,7,6,4,99768.2539919,benzyna,WI32201
3,5,19,4,251223.895439,benzyna,WI99113
3,1,2,5,299278.336673,benzyna,WI90224
3,6,12,14,65537.7605924,benzyna,WI88555
3,4,2,14,165273.829591,ropa,WI68118
3,6,13,6,194129.22464,olej,WI31992
3,3,16,12,166497.250754,gaz,WI87744
3,4,8,15,186080.096943,gaz,WI37488
3,5,18,11,107716.12693,gaz,WI49795
3,5,13,13,244901.940898,gaz,WI99450
3,4,5,6,62297.0654979,benzyna,WI89486
3,8,19,15,37739.3061144,benzyna,WI54482
3,7,3,14,21531.7067625,olej,WI60837
3,1,11,10,160810.389273,olej,WI39895
3,10,12,4,257407.580325,olej,WI33006
3,8,18,14,242020.994543,olej,WI19054
3,9,12,16,258514.878096,olej,WI56467
3,4,17,14,126055.749763,ropa,WI62606
3,2,9,1,28430.9979945,benzyna,WI69366
3,9,3,1,179654.587567,gaz,WI11593
3,9,11,8,18688.8253186,ropa,WI25173
3,8,14,8,49532.5798044,olej,WI75324
3,6,5,10,256196.397469,gaz,WI81578
3,3,12,5,101371.430571,gaz,WI52656
3,6,9,9,114865.17801,olej,WI87754
3,9,3,3,57251.7947519,benzyna,WI92065
3,4,7,7,265916.611168,olej,WI36716
3,7,14,4,183771.815989,olej,WI34898
3,6,12,11,184068.784574,gaz,WI64685
3,5,14,9,227509.740748,olej,WI89484
3,6,3,6,118901.815498,ropa,WI82583
3,3,7,13,217247.642821,gaz,WI35557
3,9,16,7,299356.600701,benzyna,WI43632
3,9,4,14,31054.9522569,ropa,WI98578
3,9,4,5,277350.661396,ropa,WI95580
3,5,11,9,16774.6040438,gaz,WI81250
3,7,1,14,77529.0694903,benzyna,WI85121
3,10,11,12,101095.167104,benzyna,WI33528
3,1,13,1,40749.070947,olej,WI50304
3,1,12,3,54271.6446187,gaz,WI69930
3,2,15,11,188874.360449,benzyna,WI32303
3,9,17,6,9997.33094864,benzyna,WI67571
3,9,5,6,94.9734510782,ropa,WI54876
3,1,19,15,148825.43707,ropa,WI54827
3,6,9,6,204365.250086,gaz,WI49792
3,6,4,3,23628.4867935,benzyna,WI23094
3,9,12,11,215562.404657,olej,WI21972
3,3,13,2,120419.229575,gaz,WI84482
3,3,5,7,276013.20387,gaz,WI97284
3,5,7,2,171560.949463,benzyna,WI45641
3,5,5,9,156677.239589,ropa,WI67171
3,7,18,4,170689.185781,benzyna,WI12898
3,2,7,1,118242.623959,ropa,WI34830
3,6,12,4,152431.679342,olej,WI55362
3,3,11,8,233067.962174,gaz,WI33755
3,9,10,12,138970.550733,gaz,WI76557
3,8,3,15,171618.282388,olej,WI86717
3,3,14,13,87247.2852197,benzyna,WI87143
3,4,11,4,83080.270034,benzyna,WI39947
3,5,16,11,122359.61447,gaz,WI34861
3,5,8,5,57289.9697114,gaz,WI77187
3,9,9,4,60104.3234061,olej,WI64468
3,2,14,15,214489.535131,gaz,WI88336
3,10,6,7,32010.4216116,gaz,WI88049
3,9,1,14,253657.23262,olej,WI74230
3,10,1,11,73208.3298615,benzyna,WI22035
3,4,9,5,201935.928037,gaz,WI52909
3,8,3,10,228381.721986,ropa,WI70684
3,5,16,3,251345.367654,olej,WI11873
3,1,1,12,15838.3965511,ropa,WI17760
3,2,15,5,107814.457309,benzyna,WI40817
3,5,12,15,280109.752905,olej,WI44416
3,8,2,6,36884.0152726,ropa,WI92763
3,8,9,6,43819.6885611,gaz,WI20274
3,3,6,14,174934.272046,ropa,WI13520
3,3,19,15,293296.245801,olej,WI47009
3,3,19,11,282492.003572,olej,WI98743
3,3,5,13,12564.1941228,ropa,WI57386
3,7,15,14,234869.197597,ropa,WI97768
3,5,7,3,280700.687123,gaz,WI93717
3,4,8,4,186624.777241,benzyna,WI23436
3,2,14,2,284453.908087,gaz,WI55981
3,1,17,12,130023.681128,ropa,WI84762
3,3,6,5,189326.472545,benzyna,WI29392
3,2,3,5,231893.311684,ropa,WI28847
3,8,2,4,48579.0443473,gaz,WI95868
3,9,14,10,217940.484629,benzyna,WI49954
3,8,9,11,242353.566348,benzyna,WI26082
3,5,18,6,13976.3675752,gaz,WI43139
3,9,12,12,28732.4483129,ropa,WI36241
3,6,10,15,111570.928442,ropa,WI89820
3,3,5,10,130881.593133,olej,WI67201
3,3,9,2,70022.1948695,ropa,WI93844
3,10,11,6,221718.329152,benzyna,WI20380
3,6,6,3,234736.768906,benzyna,WI44866
3,7,5,1,108672.284448,ropa,WI62495
3,2,13,14,105575.418008,benzyna,WI12986
3,7,16,15,109041.797116,gaz,WI86844
3,7,9,15,294886.059963,ropa,WI20473
3,7,11,10,286541.031602,gaz,WI66138
3,7,2,12,147775.908069,gaz,WI24984
3,7,3,9,78192.2990816,benzyna,WI99640
3,8,19,12,73704.3999922,olej,WI59468
3,3,13,9,108532.661604,benzyna,WI28816
3,1,1,14,168858.947924,gaz,WI59089
3,3,5,16,184144.377366,ropa,WI17910
3,4,1,9,48932.5463735,ropa,WI52824
3,1,18,6,283994.892,ropa,WI86119
3,6,1,4,269667.894817,benzyna,WI99755
3,9,9,2,184845.571332,olej,WI14848
3,2,10,2,116739.548838,gaz,WI79193
3,3,3,10,96772.0216238,ropa,WI21991
3,3,2,8,215794.23231,olej,WI90751
3,5,17,14,73593.8321426,gaz,WI23223
3,6,1,12,220924.003079,gaz,WI97933
3,10,1,1,57863.6865617,gaz,WI56377
3,8,11,5,248573.630891,olej,WI15598
3,6,16,5,228873.62774,ropa,WI46305
3,3,10,15,139113.686519,gaz,WI50374
3,7,12,3,237834.954097,benzyna,WI22580
3,5,6,1,83510.5620615,ropa,WI83492
3,1,18,4,60817.3300574,benzyna,WI12118
3,2,5,9,223775.358882,ropa,WI73577
3,8,5,16,127532.766081,ropa,WI53198
3,2,17,13,105192.059761,benzyna,WI38839
3,3,19,14,116041.208351,olej,WI24005
3,2,13,1,86023.3136327,gaz,WI71231
3,8,1,16,56746.1803193,olej,WI40226
3,9,9,7,222491.527896,gaz,WI91952
3,10,19,6,41311.215956,olej,WI58117
3,2,6,14,220442.073588,benzyna,WI75111
3,6,1,13,56742.042934,olej,WI12895
3,10,2,15,12238.7814426,gaz,WI46291
3,3,7,8,240174.875336,benzyna,WI75283
3,7,9,7,144768.059251,ropa,WI36399
3,2,14,13,71424.9312247,ropa,WI99328
3,8,1,4,39918.5297869,gaz,WI65397
3,2,8,15,186656.847169,olej,WI32996
3,7,9,10,141960.029324,gaz,WI93924
3,4,1,2,149881.37955,ropa,WI30221
3,9,17,2,157095.515424,gaz,WI43397
3,6,10,13,83882.7594368,olej,WI59275
3,9,19,13,289544.253024,ropa,WI48510
3,1,17,11,85668.1682254,olej,WI36846
3,5,7,7,131653.86117,olej,WI48756
3,9,1,1,187004.915297,benzyna,WI91460
3,1,4,5,38085.3218761,benzyna,WI28097
3,2,6,11,27480.3285888,olej,WI92930
3,2,12,16,145785.609201,gaz,WI27056
3,8,15,16,101133.017283,gaz,WI34020
3,2,15,15,238197.346392,ropa,WI72783
3,3,12,12,169765.472688,olej,WI37046
3,2,10,6,34368.3155486,benzyna,WI50589
3,1,11,15,57842.0450603,ropa,WI61986
3,6,9,2,163443.951823,benzyna,WI58999
3,3,4,10,120960.172779,ropa,WI92519
3,4,17,4,123548.693789,gaz,WI40915
3,2,4,10,74005.5620074,olej,WI66727
3,3,17,8,166408.69835,gaz,WI63776
3,6,2,4,122775.798301,olej,WI79029
3,1,8,5,259758.927527,gaz,WI25931
3,4,1,1,105487.610158,olej,WI74652
3,6,11,15,177901.238181,gaz,WI35436
3,6,5,6,228671.523246,olej,WI26525
3,6,16,10,70365.9030303,ropa,WI16529
3,10,4,10,102647.196664,benzyna,WI61780
3,4,17,10,141792.19864,ropa,WI69972
3,1,19,7,22232.9959491,gaz,WI38021
3,3,14,1,279848.837279,olej,WI13115
3,4,16,4,42024.9920958,olej,WI32368
3,5,13,11,208300.170465,gaz,WI25731
3,6,18,8,233750.350901,gaz,WI81154
3,2,6,8,288055.060166,gaz,WI43072
3,3,3,13,4658.82351265,ropa,WI30140
3,2,7,3,97651.8434965,ropa,WI52251
3,3,9,9,88813.9324994,benzyna,WI93084
3,4,6,1,209459.220161,gaz,WI92579
3,7,17,16,102362.356149,gaz,WI57414
3,7,8,1,60843.4094102,benzyna,WI78431
3,8,13,15,216069.899338,gaz,WI74626
3,2,1,2,83746.2547188,ropa,WI58930
3,5,12,4,158726.25527,olej,WI22819
3,6,3,8,21038.4200413,gaz,WI22754
3,10,18,8,153476.018318,benzyna,WI48686
3,5,9,4,276844.879554,ropa,WI64777
3,4,1,3,28237.2935314,olej,WI10929
3,6,5,13,188889.009931,olej,WI87528
3,5,12,3,2011.49384007,benzyna,WI10616
3,4,12,6,278872.161995,olej,WI34416
3,10,8,16,218714.846742,benzyna,WI48221
3,8,9,15,234080.680795,benzyna,WI15029
3,1,3,16,70678.7942917,olej,WI51712
3,4,16,8,114004.757478,olej,WI82838
3,9,2,6,130189.282405,ropa,WI50940
3,3,1,8,187427.820934,benzyna,WI44629
3,10,6,5,185892.66164,gaz,WI83675
3,1,1,15,50483.1954821,gaz,WI93232
3,7,10,5,124477.760035,ropa,WI37818
3,4,9,16,44434.4323672,gaz,WI84654
3,2,19,6,52937.9064763,olej,WI50880
3,5,4,15,251107.779319,ropa,WI84530
3,5,1,12,16549.7158097,benzyna,WI67569
3,7,1,10,53363.1516328,ropa,WI79323
3,1,15,2,46035.9812277,ropa,WI54077
3,7,17,13,70455.7452875,benzyna,WI19392
3,5,2,11,260734.646547,ropa,WI14887
3,2,14,7,54983.3041494,gaz,WI28403
3,4,16,13,137343.036275,ropa,WI47213
3,9,4,16,249262.262785,olej,WI60876
3,3,7,2,135210.81689,olej,WI56043
3,10,13,7,100371.248106,gaz,WI19095
3,5,6,4,160301.933309,olej,WI28269
3,10,6,4,127896.203296,gaz,WI56772
3,5,8,5,131971.633842,gaz,WI56996
3,9,14,10,150062.96709,olej,WI42301
3,8,14,2,163955.657233,benzyna,WI28311
3,8,15,8,121333.661962,gaz,WI59401
3,1,4,6,36057.7141098,olej,WI65828
3,3,19,4,191456.555987,gaz,WI85622
3,6,11,10,259274.66884,gaz,WI93820
3,10,6,7,43253.8647674,benzyna,WI44250
3,2,6,15,11867.7378622,gaz,WI23684
3,4,1,14,124355.96829,ropa,WI84354
3,9,12,14,42092.7559038,benzyna,WI42466
3,4,5,5,107817.245796,ropa,WI91459
3,10,10,2,117491.494828,benzyna,WI87217
3,7,19,2,90080.8856597,ropa,WI21377
3,6,6,1,12106.2776702,gaz,WI73891
3,4,3,16,217943.462746,ropa,WI53273
3,8,6,5,67091.5248238,benzyna,WI88556
3,10,19,12,213230.081017,benzyna,WI43062
3,5,5,1,230359.180312,benzyna,WI85566
3,4,7,9,55120.7503763,benzyna,WI26589
3,3,9,6,74844.5468218,benzyna,WI63901
3,9,13,15,49124.4332921,olej,WI49051
3,2,7,4,37835.2250644,gaz,WI52617
3,9,12,16,276830.743204,gaz,WI16966
3,3,8,12,1692.58968734,ropa,WI88674
3,10,4,15,289005.771445,ropa,WI41182
3,6,1,1,268581.560131,olej,WI89005
3,10,3,5,72686.1196913,benzyna,WI71683
3,6,10,2,191591.481481,olej,WI80291
3,5,12,4,266852.315077,gaz,WI49936
3,7,4,1,71754.4387728,ropa,WI29401
3,2,13,8,65739.3886442,ropa,WI65051
3,3,10,7,28990.0456972,benzyna,WI13841
3,8,1,9,254587.486353,gaz,WI17596
3,6,16,13,153713.801201,gaz,WI83153
3,7,6,7,173621.574985,ropa,WI50372
3,8,6,1,23042.1242753,olej,WI60044
3,2,3,2,40765.5996367,benzyna,WI16307
3,10,2,12,222135.807172,gaz,WI93726
3,2,9,8,124343.810265,ropa,WI28190
3,6,9,2,73748.5937249,benzyna,WI69690
3,2,8,4,232898.722964,ropa,WI23703
3,9,16,7,253996.968062,olej,WI33306
3,6,3,11,66058.8032765,benzyna,WI23239
3,9,12,3,201303.460795,olej,WI82499
3,5,18,1,217398.459516,ropa,WI67866
3,9,4,15,115470.67724,ropa,WI10137
3,9,4,16,222434.659594,gaz,WI13288
3,7,8,8,218765.747982,ropa,WI42481
3,3,2,11,269944.05097,olej,WI51371
3,1,4,6,271122.934166,benzyna,WI11299
3,5,4,4,55148.0031183,ropa,WI47994
3,8,13,13,213020.081561,ropa,WI82530
3,8,11,8,71981.6120544,olej,WI87028
3,9,4,9,231492.778114,benzyna,WI94507
3,9,1,12,172324.915769,ropa,WI17347
3,7,5,2,132166.187184,olej,WI18730
3,10,17,11,184318.834233,ropa,WI30585
3,8,19,1,155317.117348,gaz,WI14329
3,4,9,13,160292.046375,benzyna,WI73407
3,8,8,6,259346.682634,benzyna,WI69266
3,5,13,13,114435.203693,olej,WI67930
3,9,18,16,88886.3222112,olej,WI44208
3,2,9,11,43826.4319488,gaz,WI83842
3,9,1,11,297468.64053,olej,WI96036
3,2,18,13,133621.819526,ropa,WI66782
3,9,15,4,134544.320405,benzyna,WI74884
3,3,9,11,269144.803089,gaz,WI69741
3,4,19,5,81286.1990254,benzyna,WI61687
3,8,6,13,53198.9055693,olej,WI35440
3,8,3,7,114186.799138,olej,WI88869
3,1,9,12,180541.332335,benzyna,WI70770
3,4,12,9,259531.065117,olej,WI76051
3,7,1,6,35129.667962,gaz,WI93860
3,8,6,2,55748.0965186,benzyna,WI21241
3,10,5,14,195156.932751,benzyna,WI50738
3,8,16,6,51852.2008608,ropa,WI94625
3,8,4,3,10242.8188356,olej,WI25141
3,7,12,13,294401.581628,gaz,WI72725
3,8,8,4,139770.202449,ropa,WI22112
3,7,4,7,214390.428362,benzyna,WI87267
3,9,7,6,224328.639165,olej,WI42604
3,8,8,6,30483.6587723,benzyna,WI24809
3,4,15,7,54420.470266,ropa,WI68544
3,4,2,7,164957.17265,gaz,WI54209
3,4,1,13,119224.389988,olej,WI42704
3,1,2,13,286900.367416,benzyna,WI23320
3,3,18,7,38304.0862403,benzyna,WI63890
3,6,16,9,51644.1558644,gaz,WI64329
3,4,18,12,234113.211929,olej,WI91899
3,6,12,13,240642.261149,benzyna,WI35833
3,10,11,8,273694.679041,benzyna,WI79411
3,6,11,9,98179.223459,ropa,WI57461
3,6,17,12,243255.140246,olej,WI79777
3,6,2,8,20509.9159317,olej,WI18095
3,8,8,10,136073.531118,olej,WI41973
3,1,11,11,195858.715384,ropa,WI45953
3,10,7,1,99884.2529086,gaz,WI77434
3,3,3,5,193607.119851,gaz,WI67258
3,1,11,15,8710.16083289,gaz,WI70275
3,6,4,9,291703.047907,olej,WI75682
3,5,15,5,27443.4507821,ropa,WI80780
3,10,19,2,168857.045401,ropa,WI30457
3,5,4,2,288683.716366,ropa,WI12416
3,5,3,2,81079.8264629,gaz,WI61344
3,10,17,13,205035.384368,ropa,WI24980
3,7,11,16,16366.0498207,gaz,WI93294
3,7,1,7,128588.797564,gaz,WI13538
3,3,16,1,218049.241352,gaz,WI88781
3,7,8,7,134558.525012,ropa,WI11816
3,7,10,15,275086.106865,olej,WI82400
3,7,11,11,42543.8542171,ropa,WI62082
3,5,2,1,135296.008207,gaz,WI98834
3,1,4,11,173093.530113,olej,WI29128
3,3,14,13,132174.198161,benzyna,WI89020
3,1,17,10,23537.8847333,gaz,WI74296
3,10,13,1,157407.734006,ropa,WI76371
3,5,16,1,62404.0926408,gaz,WI59324
3,6,18,10,283815.347063,benzyna,WI43679
3,2,3,11,96823.7774986,olej,WI17338
3,8,3,6,246827.662221,gaz,WI12974
3,5,14,5,144499.494,gaz,WI97020
3,2,7,8,159078.959198,olej,WI70890
3,4,7,9,145414.616518,olej,WI80546
3,2,16,1,176656.127231,ropa,WI81119
3,5,19,6,213756.423445,benzyna,WI82216
3,10,9,1,138384.635067,benzyna,WI91237
3,10,16,9,251907.556678,ropa,WI33567
3,6,14,1,239642.343265,benzyna,WI81529
3,8,12,13,111589.856398,gaz,WI85307
3,5,5,7,41042.9412109,benzyna,WI11711
3,3,1,5,295329.865371,benzyna,WI51262
3,2,17,13,251757.93182,benzyna,WI67840
3,5,5,6,142694.007957,benzyna,WI17662
3,2,7,13,47161.3422672,olej,WI91500
3,6,15,1,68125.9024655,ropa,WI72229
3,1,7,12,197984.86867,ropa,WI32187
3,3,6,8,17722.5072149,olej,WI65896
3,4,14,1,108669.788421,ropa,WI70147
3,6,1,3,181682.086004,gaz,WI64662
3,8,12,8,140897.310372,gaz,WI74219
3,2,18,10,64940.7366444,benzyna,WI80274
3,2,14,4,20413.9687969,gaz,WI74186
3,9,13,5,284526.230246,gaz,WI39035
3,9,12,4,73531.7680074,gaz,WI94316
3,5,2,2,153484.135778,ropa,WI52173
3,1,6,9,272316.671234,benzyna,WI90411
3,3,1,13,233251.609392,olej,WI51074
3,3,6,10,47666.7594483,gaz,WI26482
3,7,4,1,140518.680952,ropa,WI26474
3,9,3,14,241946.966508,gaz,WI27435
3,10,10,7,271161.44785,olej,WI21463
3,7,8,5,274004.96285,ropa,WI73206
3,2,14,14,232030.594359,olej,WI22313
3,8,12,16,240134.923663,gaz,WI84854
3,6,9,4,36221.4434561,benzyna,WI50287
3,1,13,7,59446.4825142,benzyna,WI61755
3,4,5,5,26634.1618997,gaz,WI36107
3,7,9,7,190521.859534,olej,WI11854
3,2,12,1,292408.896157,ropa,WI34845
3,1,1,12,136024.733386,benzyna,WI77028
3,2,15,12,121287.909099,benzyna,WI12294
3,10,18,5,78819.1102876,olej,WI80450
3,1,7,3,86579.8490914,gaz,WI91647
3,5,19,10,25250.8463009,gaz,WI74400
3,5,14,8,221073.795619,olej,WI45242
3,2,11,9,37525.7524654,benzyna,WI30526
3,7,9,15,54513.7389879,ropa,WI73424
3,9,7,10,172934.580752,olej,WI93063
3,5,15,13,137046.828933,olej,WI92134
3,8,1,11,153801.493928,benzyna,WI43214
3,9,12,16,128632.821078,olej,WI65307
3,3,15,4,130942.791805,ropa,WI57671
3,7,16,8,71577.4542943,olej,WI74984
3,1,4,13,191213.786773,gaz,WI53150
3,4,18,11,201289.268998,gaz,WI83158
3,1,10,14,156011.210747,benzyna,WI28652
3,4,9,5,89557.4444455,gaz,WI78357
3,2,10,9,4976.23236923,olej,WI38207
3,3,5,10,267693.161179,ropa,WI48294
3,5,3,2,96639.3996497,ropa,WI66322
3,4,17,6,101887.098353,ropa,WI38766
3,8,18,10,269561.374569,benzyna,WI58311
3,7,8,13,69742.8169574,gaz,WI86856
3,10,17,9,105720.736357,olej,WI41714
3,8,12,1,56768.3848499,gaz,WI73194
3,8,12,16,169137.454925,olej,WI44669
3,9,19,16,68471.3123982,gaz,WI41807
3,10,5,4,207111.499772,olej,WI72376
3,5,13,14,164202.524906,ropa,WI34347
3,1,14,4,32761.603346,benzyna,WI34551
3,3,15,2,273737.751679,olej,WI74401
3,10,4,12,155253.804853,benzyna,WI71087
3,6,12,10,224014.570681,ropa,WI93221
3,5,19,12,12656.295345,benzyna,WI35187
3,7,8,13,277790.455477,benzyna,WI85620
3,3,6,11,74290.4326318,gaz,WI59014
3,6,7,8,51847.0628533,gaz,WI58331
3,4,7,15,80216.7647526,ropa,WI95201
3,4,9,11,209085.836233,olej,WI39314
3,6,3,15,134778.382365,olej,WI52173
3,7,5,6,189365.741157,gaz,WI38346
3,8,18,16,122366.519071,benzyna,WI32263
3,10,13,16,26155.4356733,ropa,WI89924
3,1,5,11,78682.1233689,benzyna,WI96106
3,2,19,3,161243.948616,ropa,WI20120
3,9,8,12,270910.697066,olej,WI99350
3,6,4,15,98449.2878973,olej,WI58628
3,7,5,12,143331.232928,olej,WI23386
3,5,6,8,34745.0448986,ropa,WI25761
3,9,2,3,13719.9136475,benzyna,WI14896
3,4,16,13,251567.066503,ropa,WI85537
3,4,13,4,256036.573735,benzyna,WI70228
3,3,11,7,131733.697119,gaz,WI91674
3,1,1,12,262990.356124,olej,WI13189
3,8,4,2,201506.073419,ropa,WI82826
3,1,14,9,31295.2698723,benzyna,WI57383
3,5,10,12,187181.610245,olej,WI90511
3,3,19,15,130552.322286,olej,WI59468
3,6,16,12,289218.166889,gaz,WI63297
3,7,9,2,181862.752625,benzyna,WI18924
3,7,8,2,104639.143322,gaz,WI61539
3,8,2,9,60873.3589165,benzyna,WI92645
3,9,3,1,7733.68968029,olej,WI74594
3,7,19,2,264070.110339,benzyna,WI41195
3,5,11,16,24269.779805,benzyna,WI66099
3,8,5,2,249180.546308,gaz,WI49708
3,1,4,8,205577.314158,ropa,WI40184
3,2,11,14,61802.4278363,benzyna,WI12282
3,8,10,14,19931.8476492,gaz,WI49242
3,10,9,2,261080.553977,olej,WI37569
3,7,19,11,111786.535508,olej,WI92846
3,9,1,11,279782.716148,benzyna,WI42822
3,2,15,7,290245.738334,gaz,WI90012
3,2,8,6,194792.138868,ropa,WI40715
3,1,1,6,130109.701917,benzyna,WI52145
3,7,7,3,255264.798158,gaz,WI91568
3,8,19,5,92545.0862664,ropa,WI80492
3,10,3,11,109944.91498,olej,WI65690
3,5,19,9,257275.260912,olej,WI41681
3,7,14,2,236416.639909,benzyna,WI42604
3,9,13,4,48823.8612235,ropa,WI54949
3,2,17,2,218138.370868,olej,WI33040
3,1,2,5,200660.330059,olej,WI20818
3,6,10,1,197562.843677,olej,WI37990
3,4,2,15,192493.464772,benzyna,WI89409
3,4,1,10,290031.208863,ropa,WI19593
3,7,19,8,200690.012045,benzyna,WI19701
3,10,1,15,76735.5755406,ropa,WI74539
3,3,10,1,61011.786952,benzyna,WI92919
3,1,3,6,158571.358463,olej,WI40160
3,5,4,5,195583.551186,olej,WI88540
3,7,3,11,222397.477334,ropa,WI52466
3,6,19,15,95223.3207499,ropa,WI64017
3,4,15,16,236798.845484,ropa,WI70719
3,8,17,8,171454.943676,olej,WI99425
3,10,7,6,45499.5024078,gaz,WI71925
3,1,4,8,9767.07221287,olej,WI77424
3,1,3,4,170264.919375,ropa,WI40794
3,9,7,10,28597.6036197,benzyna,WI73284
3,4,18,4,242898.933294,olej,WI13265
3,3,15,12,138297.49053,ropa,WI73215
3,1,18,14,149458.450017,ropa,WI69586
3,8,9,7,257916.978676,benzyna,WI76099
3,7,7,11,86314.3144979,benzyna,WI59751
3,3,7,2,250305.60808,gaz,WI31477
3,3,14,15,254851.185183,benzyna,WI66566
3,7,7,2,263895.500032,benzyna,WI33223
3,7,13,9,267428.055797,gaz,WI64725
3,3,14,9,35478.5459676,gaz,WI66140
3,4,12,8,173268.575154,ropa,WI82186
3,6,12,9,116785.758886,gaz,WI94489
3,3,16,12,188178.862932,gaz,WI95466
3,10,4,15,116437.454153,ropa,WI47182
3,2,18,14,231768.634697,gaz,WI85105
3,1,8,13,108410.400113,olej,WI87064
3,3,18,10,168317.861308,olej,WI50528
3,5,4,7,231797.920069,benzyna,WI85320
3,2,14,16,130762.684145,benzyna,WI73799
3,10,5,7,262737.739084,benzyna,WI88550
3,3,9,5,16701.965116,olej,WI50685
3,6,18,15,264787.390645,benzyna,WI83122
3,10,8,4,138769.466082,ropa,WI18313
3,10,7,5,141998.957812,benzyna,WI25324
3,9,11,9,15202.8001122,olej,WI90973
3,5,8,10,43672.6177632,benzyna,WI99932
3,6,17,2,89613.0121722,gaz,WI73670
3,5,13,8,245188.470591,benzyna,WI63220
3,3,3,16,36837.0645883,gaz,WI51644
3,2,12,11,35200.5907083,benzyna,WI44462
3,3,3,16,54632.1434193,olej,WI53298
3,6,8,15,271226.137339,olej,WI19381
3,8,7,1,230472.536204,ropa,WI67045
3,2,13,5,265367.828653,ropa,WI80998
3,9,13,8,236929.363339,ropa,WI98556
3,1,6,1,241811.244045,benzyna,WI97039
3,5,19,11,272482.124728,olej,WI78192
3,5,6,11,258283.156663,gaz,WI47957
3,6,19,15,56296.3307959,benzyna,WI47398
3,1,2,8,284569.575178,olej,WI34833
3,9,14,16,153942.318574,benzyna,WI38640
3,7,1,5,271468.475985,gaz,WI45885
3,2,2,14,9472.75696544,gaz,WI34571
3,8,4,13,158235.28878,ropa,WI34314
3,6,13,8,174544.761397,gaz,WI18173
3,5,19,3,148251.250398,olej,WI29359
3,4,3,4,207242.024126,ropa,WI15740
3,10,16,7,54668.9725168,ropa,WI78453
3,1,18,8,152866.43594,benzyna,WI73349
3,6,18,3,245748.009873,benzyna,WI48524
3,4,11,11,153822.591985,gaz,WI24241
3,5,11,12,24428.0889074,ropa,WI87895
3,1,4,12,208171.224232,ropa,WI71044
3,4,14,9,72476.4826488,olej,WI12281
3,8,6,9,228252.800929,gaz,WI36245
3,2,19,12,128580.376635,gaz,WI43048
3,6,19,6,135904.912599,gaz,WI77819
3,5,8,2,118811.982019,benzyna,WI94793
3,6,7,4,94460.8100848,olej,WI95973
3,8,6,16,247097.025777,gaz,WI86850
3,3,3,3,56846.9227077,ropa,WI55755
3,9,11,4,68788.4158277,gaz,WI99918
3,7,3,16,283123.636696,olej,WI89369
3,9,10,13,59901.0919772,benzyna,WI69820
3,2,12,15,165188.809565,benzyna,WI20949
3,4,17,11,31492.5812324,benzyna,WI61665
3,5,14,13,71758.252531,ropa,WI52767
3,7,13,2,139335.177283,olej,WI97714
3,8,18,6,254642.734556,ropa,WI72719
3,9,11,9,62337.9988357,olej,WI47554
3,6,4,16,276566.019532,gaz,WI77441
3,5,1,7,174668.203472,olej,WI60759
3,1,19,13,50120.9055426,benzyna,WI10941
3,7,14,3,165777.763091,gaz,WI61011
3,8,9,13,44105.055278,olej,WI75821
3,10,10,6,113164.821759,ropa,WI56588
3,6,6,9,1056.28487961,ropa,WI17190
3,5,2,3,120966.945368,ropa,WI97055
3,5,15,10,108192.328132,gaz,WI96272
3,7,8,13,96306.2765306,olej,WI77786
3,5,16,5,97956.0699599,gaz,WI80405
3,9,15,9,208420.958512,ropa,WI39829
3,10,6,4,279674.01299,ropa,WI57462
3,6,11,8,10201.115051,ropa,WI61506
3,6,12,4,139926.858232,gaz,WI88685
3,1,12,2,138715.114366,olej,WI38541
3,1,9,16,275482.949602,gaz,WI46546
3,10,16,2,137500.158562,benzyna,WI59269
3,6,1,2,192834.876609,olej,WI43209
3,6,2,1,57483.6045558,gaz,WI93434
3,1,19,12,196803.909768,olej,WI78634
3,1,8,5,274925.185454,ropa,WI16895
3,7,19,5,53672.7090269,benzyna,WI51936
3,10,17,5,247236.130518,gaz,WI79237
3,3,17,8,243696.012365,olej,WI80503
3,5,12,13,250651.901679,olej,WI76412
3,4,11,5,77872.6134238,gaz,WI44625
3,10,5,13,1093.59924977,ropa,WI93476
3,2,15,4,120207.673925,olej,WI84240
3,2,4,11,174135.914892,ropa,WI42220
3,5,17,2,119931.858738,ropa,WI67674
3,4,16,10,287092.819774,gaz,WI21831
3,2,15,13,148386.33652,ropa,WI87388
3,4,16,8,79395.6353928,benzyna,WI10790
3,10,16,15,142452.464361,gaz,WI86629
3,9,14,4,81331.9814859,olej,WI72041
3,2,12,8,276598.823995,ropa,WI92403
3,6,15,2,44077.6921802,gaz,WI92885
3,2,10,9,152217.845852,ropa,WI26749
3,7,3,13,35474.0831977,ropa,WI24740
3,4,9,9,33286.7480902,olej,WI59511
3,10,6,3,137313.151838,benzyna,WI78025
3,7,19,13,170393.933942,gaz,WI38814
3,1,19,1,234014.939593,olej,WI81335
3,8,18,12,99140.397671,ropa,WI97771
3,9,5,11,179963.176049,gaz,WI94117
3,3,10,9,58692.8058007,ropa,WI58689
3,9,6,6,221345.832848,gaz,WI70391
3,2,10,1,2467.15731066,benzyna,WI95835
3,3,10,8,252411.354238,benzyna,WI63218
3,5,13,12,15696.4531666,olej,WI67711
3,8,18,2,99347.803402,ropa,WI64468
3,9,10,11,246801.818239,ropa,WI47852
3,7,8,1,6808.52317047,gaz,WI16657
3,8,2,14,237325.324675,benzyna,WI68284
3,4,17,5,99972.4710654,ropa,WI55022
3,2,10,8,239642.388338,ropa,WI30149
3,6,19,7,267960.921468,benzyna,WI86439
3,7,5,16,100386.013113,ropa,WI91732
3,2,10,5,36125.2188996,ropa,WI46136
3,2,2,10,77747.7434119,olej,WI56087
3,3,5,15,133337.055439,gaz,WI42719
3,5,6,1,138362.710115,olej,WI42348
3,3,19,4,107203.631593,olej,WI63775
3,5,11,13,168623.654814,olej,WI36853
3,6,2,5,1878.1416261,gaz,WI59497
3,9,14,10,55864.6077584,ropa,WI40800
3,6,9,15,285765.728733,ropa,WI24125
3,10,3,16,284238.556326,benzyna,WI72831
3,8,16,4,102347.381094,ropa,WI15482
3,1,15,6,90155.4285674,benzyna,WI84917
3,8,9,11,275519.321515,gaz,WI27494
3,6,17,1,37900.4660059,gaz,WI29053
3,8,12,10,76205.3703303,benzyna,WI51863
3,9,15,3,222089.179186,benzyna,WI84527
3,9,13,8,1794.28040615,benzyna,WI52359
3,3,1,16,240305.066356,ropa,WI37897
3,2,14,15,105888.616449,gaz,WI33875
3,7,3,5,81398.3599029,benzyna,WI87633
3,4,8,10,125899.18743,ropa,WI60469
3,7,11,5,239961.751068,gaz,WI30396
3,8,13,16,16539.7737342,benzyna,WI55002
3,2,15,13,291171.763489,gaz,WI66655
3,5,13,11,281940.474961,ropa,WI79941
3,7,12,10,197606.796907,benzyna,WI13569
3,10,18,11,266191.76041,ropa,WI45802
3,2,4,13,88.6409554807,benzyna,WI58459
3,9,19,4,90399.2420773,benzyna,WI27428
3,4,8,14,277900.852683,olej,WI22866
3,1,2,16,276639.368709,gaz,WI91547
3,5,19,9,110844.713104,benzyna,WI69742
3,5,1,3,163886.744668,benzyna,WI46860
3,5,7,2,210077.212108,olej,WI36898
3,3,3,8,90204.4833298,benzyna,WI38709
3,8,4,14,278027.270746,ropa,WI63361
3,10,2,11,150093.169512,olej,WI80185
3,4,14,11,54261.3553339,benzyna,WI14502
3,8,8,12,67919.7032477,benzyna,WI49116
3,7,14,16,196076.389631,benzyna,WI10736
3,4,18,11,78588.8820741,ropa,WI90791
3,3,15,16,146144.662064,olej,WI67515
3,9,10,15,239067.895902,gaz,WI99897
3,8,19,8,17425.497856,ropa,WI23107
3,3,13,1,135407.343575,ropa,WI55166
3,8,16,14,147542.411388,gaz,WI81408
3,8,3,5,241719.347862,ropa,WI17404
3,9,9,16,217039.987359,ropa,WI75612
3,6,6,6,94773.4227811,gaz,WI97866
3,6,11,16,204739.989774,benzyna,WI96719
3,3,16,14,211763.927662,gaz,WI59469
3,6,17,5,216937.596849,gaz,WI87225
3,2,8,14,218327.105879,olej,WI32167
3,5,7,10,40760.102914,benzyna,WI80641
3,8,19,1,194059.213798,benzyna,WI11724
3,4,18,15,296629.587717,olej,WI72734
3,10,17,7,60138.8350797,olej,WI78596
3,9,1,8,212685.185105,gaz,WI81562
3,9,5,10,191385.448605,gaz,WI18595
3,3,18,4,245238.259884,olej,WI41157
3,4,4,10,276819.857664,benzyna,WI47617
3,6,14,16,20487.6727003,gaz,WI33971
3,6,12,3,274516.380882,gaz,WI89968
3,3,13,7,127419.37557,benzyna,WI49276
3,1,19,11,189778.93694,olej,WI42127
3,8,9,15,231849.091202,gaz,WI51028
3,8,2,4,272507.25427,olej,WI84823
3,2,3,12,281108.044784,olej,WI74605
3,8,6,2,135170.89404,olej,WI61067
3,9,13,12,274712.682528,olej,WI68462
3,2,5,2,194804.290025,benzyna,WI65277
3,3,9,1,210993.362318,ropa,WI74851
3,5,9,8,287793.666545,ropa,WI70244
3,3,19,3,133109.632403,olej,WI65426
3,9,6,1,255834.835596,benzyna,WI58888
3,7,17,13,196867.067313,olej,WI54815
3,6,9,3,163033.231079,olej,WI60920
3,5,19,6,133893.66797,gaz,WI26054
3,7,2,11,58725.2603392,ropa,WI20677
3,8,9,12,266402.668972,gaz,WI77046
3,2,13,12,259793.286367,benzyna,WI96654
3,9,7,12,244802.998612,benzyna,WI67398
3,3,11,6,127273.589457,benzyna,WI80495
3,9,17,12,37101.9368108,olej,WI97466
3,10,1,9,62170.8836362,olej,WI92292
3,5,16,5,121052.305998,gaz,WI90674
3,1,3,7,153987.879527,benzyna,WI77282
3,4,2,12,283620.532014,benzyna,WI47543
3,3,18,15,93319.5502666,ropa,WI86358
3,10,16,14,151399.088564,benzyna,WI81273
3,5,9,8,204576.605312,benzyna,WI98797
3,2,14,3,146497.040485,benzyna,WI60143
3,3,14,16,146994.729755,benzyna,WI23945
3,7,11,6,71334.1212118,ropa,WI66634
3,1,3,7,144628.045893,olej,WI91541
3,10,6,15,143501.570137,ropa,WI19155
3,5,4,15,74744.2304854,gaz,WI63428
3,9,15,14,82629.330325,benzyna,WI70651
3,1,16,12,83854.1241762,benzyna,WI68604
3,2,14,9,209443.245791,ropa,WI90010
3,5,16,9,274586.76973,olej,WI21616
3,10,4,3,146793.308154,ropa,WI26819
3,1,7,11,239342.929171,gaz,WI90424
3,4,1,1,247146.056552,benzyna,WI47428
3,3,6,3,185686.844729,benzyna,WI62407
3,2,14,7,226125.015785,ropa,WI58635
3,7,8,12,99436.0633586,olej,WI89550
3,9,10,6,190459.833511,benzyna,WI71767
3,9,18,2,125615.657894,benzyna,WI81701
3,7,5,2,88576.6632497,ropa,WI77860
3,8,17,9,289442.589636,ropa,WI72632
3,9,13,12,141054.980445,ropa,WI56663
3,3,6,1,94811.8005972,ropa,WI14550
3,6,10,5,40359.8884592,ropa,WI30561
3,8,16,15,39995.9078795,benzyna,WI66450
3,8,2,2,26535.1560807,olej,WI10334
3,9,15,1,97364.8930359,gaz,WI43469
3,4,14,13,254202.25945,olej,WI70867
3,4,1,8,108896.491535,benzyna,WI26937
3,8,1,6,182147.609256,gaz,WI20689
3,8,13,9,269919.454759,ropa,WI18935
3,9,2,11,133177.929951,gaz,WI36607
3,2,16,6,160249.415157,benzyna,WI84332
3,2,6,4,244968.694198,gaz,WI47833
3,6,15,14,99359.201026,ropa,WI92581
3,8,12,14,112871.923896,gaz,WI64642
3,6,8,6,253180.669721,gaz,WI93218
3,4,7,13,239919.508519,gaz,WI49327
3,3,18,9,233417.284041,ropa,WI77079
3,9,16,15,61850.1371683,gaz,WI70964
3,6,10,13,158147.034737,olej,WI57780
3,4,17,8,147049.18833,benzyna,WI73647
3,8,3,9,145540.793171,gaz,WI25783
3,10,19,16,142428.28248,benzyna,WI23622
3,3,3,8,234270.955645,ropa,WI99524
3,3,15,11,158461.418194,ropa,WI63997
3,5,14,5,229881.363347,benzyna,WI11168
3,1,8,10,117641.067584,benzyna,WI32280
3,1,13,9,45363.5795479,gaz,WI88300
3,5,19,2,290024.501247,benzyna,WI45459
3,4,13,15,213433.276129,gaz,WI83594
3,2,2,11,239759.39729,benzyna,WI64083
3,8,4,13,50813.9430197,gaz,WI27596
3,8,8,5,282867.455163,benzyna,WI13941
3,3,8,15,175653.737684,benzyna,WI36793
3,6,6,5,23943.185314,gaz,WI34229
3,6,11,15,235943.883722,benzyna,WI90520
3,7,11,1,171138.362355,benzyna,WI68843
3,8,12,12,147996.10213,benzyna,WI85417
3,1,4,14,121728.534158,ropa,WI84654
3,10,2,3,130569.201042,olej,WI23038
3,2,2,11,113603.910081,gaz,WI22918
3,4,17,8,59460.6245946,gaz,WI61053
3,7,7,6,134834.034914,gaz,WI17449
3,9,19,9,177290.820693,olej,WI96865
3,5,4,7,221464.086691,olej,WI41031
3,7,19,4,27181.8479591,gaz,WI39390
3,3,18,4,164311.908115,gaz,WI10244
3,10,15,9,274417.743051,olej,WI12280
3,10,5,3,9718.20379204,ropa,WI47133
3,3,17,3,271029.946835,ropa,WI99382
3,2,3,16,145876.640601,benzyna,WI84828
3,1,12,4,178490.034849,benzyna,WI57926
